{"name":"HibernateTemple","classpathEntries":[{"kind":"binary","path":"/home/shaifaliverma/Software/jdk1.8.0_45/jre/lib/resources.jar","sourceContainerUrl":"file:/home/shaifaliverma/Software/jdk1.8.0_45/src.zip","javadocContainerUrl":"https://docs.oracle.com/javase/1/docs/api/","isSystem":true,"isOwn":false,"isTest":false,"isJavaContent":false},{"kind":"binary","path":"/home/shaifaliverma/Software/jdk1.8.0_45/jre/lib/rt.jar","sourceContainerUrl":"file:/home/shaifaliverma/Software/jdk1.8.0_45/src.zip","javadocContainerUrl":"https://docs.oracle.com/javase/1/docs/api/","isSystem":true,"isOwn":false,"isTest":false,"isJavaContent":false},{"kind":"binary","path":"/home/shaifaliverma/Software/jdk1.8.0_45/jre/lib/jsse.jar","sourceContainerUrl":"file:/home/shaifaliverma/Software/jdk1.8.0_45/src.zip","javadocContainerUrl":"https://docs.oracle.com/javase/1/docs/api/","isSystem":true,"isOwn":false,"isTest":false,"isJavaContent":false},{"kind":"binary","path":"/home/shaifaliverma/Software/jdk1.8.0_45/jre/lib/jce.jar","sourceContainerUrl":"file:/home/shaifaliverma/Software/jdk1.8.0_45/src.zip","javadocContainerUrl":"https://docs.oracle.com/javase/1/docs/api/","isSystem":true,"isOwn":false,"isTest":false,"isJavaContent":false},{"kind":"binary","path":"/home/shaifaliverma/Software/jdk1.8.0_45/jre/lib/charsets.jar","sourceContainerUrl":"file:/home/shaifaliverma/Software/jdk1.8.0_45/src.zip","javadocContainerUrl":"https://docs.oracle.com/javase/1/docs/api/","isSystem":true,"isOwn":false,"isTest":false,"isJavaContent":false},{"kind":"binary","path":"/home/shaifaliverma/Software/jdk1.8.0_45/jre/lib/jfr.jar","sourceContainerUrl":"file:/home/shaifaliverma/Software/jdk1.8.0_45/src.zip","javadocContainerUrl":"https://docs.oracle.com/javase/1/docs/api/","isSystem":true,"isOwn":false,"isTest":false,"isJavaContent":false},{"kind":"binary","path":"/home/shaifaliverma/.m2/repository/org/hibernate/hibernate-core/5.3.3.Final/hibernate-core-5.3.3.Final.jar","sourceContainerUrl":"file:/home/shaifaliverma/.m2/repository/org/hibernate/hibernate-core/5.3.3.Final/hibernate-core-5.3.3.Final-sources.jar","javadocContainerUrl":"file:/home/shaifaliverma/.m2/repository/org/hibernate/hibernate-core/5.3.3.Final/hibernate-core-5.3.3.Final-javadoc.jar","isSystem":false,"isOwn":false,"isTest":false,"isJavaContent":false},{"kind":"binary","path":"/home/shaifaliverma/.m2/repository/org/jboss/logging/jboss-logging/3.3.2.Final/jboss-logging-3.3.2.Final.jar","sourceContainerUrl":"file:/home/shaifaliverma/.m2/repository/org/jboss/logging/jboss-logging/3.3.2.Final/jboss-logging-3.3.2.Final-sources.jar","javadocContainerUrl":"file:/home/shaifaliverma/.m2/repository/org/jboss/logging/jboss-logging/3.3.2.Final/jboss-logging-3.3.2.Final-javadoc.jar","isSystem":false,"isOwn":false,"isTest":false,"isJavaContent":false},{"kind":"binary","path":"/home/shaifaliverma/.m2/repository/javax/persistence/javax.persistence-api/2.2/javax.persistence-api-2.2.jar","sourceContainerUrl":"file:/home/shaifaliverma/.m2/repository/javax/persistence/javax.persistence-api/2.2/javax.persistence-api-2.2-sources.jar","javadocContainerUrl":"file:/home/shaifaliverma/.m2/repository/javax/persistence/javax.persistence-api/2.2/javax.persistence-api-2.2-javadoc.jar","isSystem":false,"isOwn":false,"isTest":false,"isJavaContent":false},{"kind":"binary","path":"/home/shaifaliverma/.m2/repository/org/javassist/javassist/3.23.1-GA/javassist-3.23.1-GA.jar","sourceContainerUrl":"file:/home/shaifaliverma/.m2/repository/org/javassist/javassist/3.23.1-GA/javassist-3.23.1-GA-sources.jar","javadocContainerUrl":"file:/home/shaifaliverma/.m2/repository/org/javassist/javassist/3.23.1-GA/javassist-3.23.1-GA-javadoc.jar","isSystem":false,"isOwn":false,"isTest":false,"isJavaContent":false},{"kind":"binary","path":"/home/shaifaliverma/.m2/repository/net/bytebuddy/byte-buddy/1.8.13/byte-buddy-1.8.13.jar","sourceContainerUrl":"file:/home/shaifaliverma/.m2/repository/net/bytebuddy/byte-buddy/1.8.13/byte-buddy-1.8.13-sources.jar","javadocContainerUrl":"file:/home/shaifaliverma/.m2/repository/net/bytebuddy/byte-buddy/1.8.13/byte-buddy-1.8.13-javadoc.jar","isSystem":false,"isOwn":false,"isTest":false,"isJavaContent":false},{"kind":"binary","path":"/home/shaifaliverma/.m2/repository/antlr/antlr/2.7.7/antlr-2.7.7.jar","isSystem":false,"isOwn":false,"isTest":false,"isJavaContent":false},{"kind":"binary","path":"/home/shaifaliverma/.m2/repository/org/jboss/spec/javax/transaction/jboss-transaction-api_1.2_spec/1.1.1.Final/jboss-transaction-api_1.2_spec-1.1.1.Final.jar","sourceContainerUrl":"file:/home/shaifaliverma/.m2/repository/org/jboss/spec/javax/transaction/jboss-transaction-api_1.2_spec/1.1.1.Final/jboss-transaction-api_1.2_spec-1.1.1.Final-sources.jar","javadocContainerUrl":"file:/home/shaifaliverma/.m2/repository/org/jboss/spec/javax/transaction/jboss-transaction-api_1.2_spec/1.1.1.Final/jboss-transaction-api_1.2_spec-1.1.1.Final-javadoc.jar","isSystem":false,"isOwn":false,"isTest":false,"isJavaContent":false},{"kind":"binary","path":"/home/shaifaliverma/.m2/repository/org/jboss/jandex/2.0.5.Final/jandex-2.0.5.Final.jar","sourceContainerUrl":"file:/home/shaifaliverma/.m2/repository/org/jboss/jandex/2.0.5.Final/jandex-2.0.5.Final-sources.jar","isSystem":false,"isOwn":false,"isTest":false,"isJavaContent":false},{"kind":"binary","path":"/home/shaifaliverma/.m2/repository/com/fasterxml/classmate/1.3.4/classmate-1.3.4.jar","sourceContainerUrl":"file:/home/shaifaliverma/.m2/repository/com/fasterxml/classmate/1.3.4/classmate-1.3.4-sources.jar","javadocContainerUrl":"file:/home/shaifaliverma/.m2/repository/com/fasterxml/classmate/1.3.4/classmate-1.3.4-javadoc.jar","isSystem":false,"isOwn":false,"isTest":false,"isJavaContent":false},{"kind":"binary","path":"/home/shaifaliverma/.m2/repository/javax/activation/javax.activation-api/1.2.0/javax.activation-api-1.2.0.jar","sourceContainerUrl":"file:/home/shaifaliverma/.m2/repository/javax/activation/javax.activation-api/1.2.0/javax.activation-api-1.2.0-sources.jar","javadocContainerUrl":"file:/home/shaifaliverma/.m2/repository/javax/activation/javax.activation-api/1.2.0/javax.activation-api-1.2.0-javadoc.jar","isSystem":false,"isOwn":false,"isTest":false,"isJavaContent":false},{"kind":"binary","path":"/home/shaifaliverma/.m2/repository/dom4j/dom4j/1.6.1/dom4j-1.6.1.jar","sourceContainerUrl":"file:/home/shaifaliverma/.m2/repository/dom4j/dom4j/1.6.1/dom4j-1.6.1-sources.jar","isSystem":false,"isOwn":false,"isTest":false,"isJavaContent":false},{"kind":"binary","path":"/home/shaifaliverma/.m2/repository/org/hibernate/common/hibernate-commons-annotations/5.0.4.Final/hibernate-commons-annotations-5.0.4.Final.jar","sourceContainerUrl":"file:/home/shaifaliverma/.m2/repository/org/hibernate/common/hibernate-commons-annotations/5.0.4.Final/hibernate-commons-annotations-5.0.4.Final-sources.jar","isSystem":false,"isOwn":false,"isTest":false,"isJavaContent":false},{"kind":"binary","path":"/home/shaifaliverma/.m2/repository/mysql/mysql-connector-java/5.5.22/mysql-connector-java-5.5.22.jar","isSystem":false,"isOwn":false,"isTest":false,"isJavaContent":false},{"kind":"source","path":"/home/shaifaliverma/Documents/workspace-spring-tool-suite-4-4.4.2.RELEASE/HibernateTemple/src/main/java","outputFolder":"/home/shaifaliverma/Documents/workspace-spring-tool-suite-4-4.4.2.RELEASE/HibernateTemple/target/classes","javadocContainerUrl":"file:/home/shaifaliverma/Documents/workspace-spring-tool-suite-4-4.4.2.RELEASE/HibernateTemple/target/site/apidocs","isSystem":false,"isOwn":true,"isTest":false,"isJavaContent":true},{"kind":"source","path":"/home/shaifaliverma/Documents/workspace-spring-tool-suite-4-4.4.2.RELEASE/HibernateTemple/src/test/java","outputFolder":"/home/shaifaliverma/Documents/workspace-spring-tool-suite-4-4.4.2.RELEASE/HibernateTemple/target/test-classes","javadocContainerUrl":"file:/home/shaifaliverma/Documents/workspace-spring-tool-suite-4-4.4.2.RELEASE/HibernateTemple/target/site/apidocs","isSystem":false,"isOwn":true,"isTest":true,"isJavaContent":true},{"kind":"source","path":"/home/shaifaliverma/Documents/workspace-spring-tool-suite-4-4.4.2.RELEASE/HibernateTemple/src/main/resources","outputFolder":"/home/shaifaliverma/Documents/workspace-spring-tool-suite-4-4.4.2.RELEASE/HibernateTemple/target/classes","isSystem":false,"isOwn":true,"isTest":false,"isJavaContent":false},{"kind":"source","path":"/home/shaifaliverma/Documents/workspace-spring-tool-suite-4-4.4.2.RELEASE/HibernateTemple/src/test/resources","outputFolder":"/home/shaifaliverma/Documents/workspace-spring-tool-suite-4-4.4.2.RELEASE/HibernateTemple/target/test-classes","isSystem":false,"isOwn":true,"isTest":true,"isJavaContent":false},{"kind":"source","path":"/home/shaifaliverma/Documents/workspace-spring-tool-suite-4-4.4.2.RELEASE/HibernateTemple/src/test/java","outputFolder":"/home/shaifaliverma/Documents/workspace-spring-tool-suite-4-4.4.2.RELEASE/HibernateTemple/target/test-classes","javadocContainerUrl":"file:/home/shaifaliverma/Documents/workspace-spring-tool-suite-4-4.4.2.RELEASE/HibernateTemple/target/site/apidocs","isSystem":false,"isOwn":true,"isTest":false,"isJavaContent":false}]}